worker id,Avg Queue Length
1,8.0500563863242
2,7.53105591784758

