worker id,avg tasks processing time
1,4.10070841423341
2,2.36923006406103

