worker id,avg tasks waiting time
1,12.1799743513953
2,10.7320083983587

