worker id,worker utilization
1,0.0518364687759612
2,0.179169473205557

